credit card nite chaile koto income kora lagbe shei shomporke jante chacchi,2.0
what are the ways of rechaging my phone from  bank account,5.0
ami 35 hajar taka proti mashe income korle ki amake credit card dibe?,2.0
how do I top up,5.0
amar credit card er pichone kto khoroch hobe bochore?,1.0
dear sir what is the credit card interest charge,4.0
How much is the yearly bill for credit card?,1.0
credit card nite monthly income koto lage ei info lagbe,2.0
proti mashe koto taka pele credit card nite parbo shei info lagbe,2.0
"amar credit card ase ekta, kto katbe year e?",1.0
Can I get the facility of BRAC Bank's credit card?,3.0
fee koto lagbe deya credit card er jonno?,1.0
sir please tell me how much do u charge for monthly Credit Card interest,4.0
Do you need any useful documents to take a credit card?,6.0
how much interest rate do u chrg on Credit Card,4.0
subidha ki pabo apnader credit card nile,3.0
"Want to take cards, what are the facilities?",3.0
What to do if I take the credit card of BRAC?,6.0
"Take a credit card, take any thing?",6.0
Ami ki ki facilities pabo from credit card?,3.0
int rate koto for Credit Card,4.0
please tell me what is th intrest chrg of Credit Card,4.0
monthly koto income hole credit card nite parbo?,2.0
proti bochor koto khorch hoy credt card e?,1.0
Do you need to have the necessary documents to get a credit card?,6.0
"credit card lagbe, beton koto howa lagbe?",2.0
ur credit card what is d monthly interest charge,4.0
"Take the classic card, what is the benefit?",3.0
"I have a credit card, what amount do I have to pay per yaer?",1.0
plz inform what is your credit card monthly interest rate,4.0
What documents will be needed for credit card?,6.0
What kind of stuff should I take to get the credit card of BRAC?,6.0
what is the minimum salary for getting a credit card?,2.0
credit card er yearly fee kemon pore?,1.0
"Want to take cards, what is the facility?",3.0
credit card monthly intrest charg,4.0
khoroch koto credit card e?,1.0
please help me to recharge my phone from my bank balance,5.0
What paper for the credit card?,6.0
Do you have any necessary paper to get credit card?,6.0
Do you have any necessary paperwork to get a credit card?,6.0
What advantages do I get from BRAC Bank's credit card?,3.0
mashe koto pele credit card tulte parbo?,2.0
credit card er charge koto kemne janbo?,1.0
What is the credit card offer?,3.0
Tell me about the income needed per month for credit card,2.0
kindly tell me how much do u charge monthly of Credit Card,4.0
credit card cost per year?,1.0
how mcuh do u charge monthly for credit card,4.0
"If I want a credit card, how much monthly income do I need to show?",2.0
may i know hw much interest rate do u charge Credit Card,4.0
credit card er jonno income koto lage bolte parben ki?,2.0
What is the offer available on your signature credit card now?,3.0
Tell me about the income required for credit card,2.0
mashik ay koto lage credit card er jonno ei tottho koi pabo?,2.0
apnara card a ki shubidha den,3.0
Is there any annual fee for credit card?,1.0
Help me to flexiload my fon with my bank balance,5.0
Brac bank credit card interest rate koto,4.0
apnader credit card nile what type facility pabo,3.0
Which items should be credited for a credit card?,6.0
"hi, if i take credit card what is monthly interest bill",4.0
ki kagos potro dekhate hobe credit card near jonno?,6.0
"Take credit card, what is the offer?",3.0
Credit Card interest charge kto mnthly,4.0
Credit Card er interest rate kato,4.0
What do you have to bring a credit card?,6.0
interest koto charge koren Credit Carde,4.0
Apnader credit er jonno amake ki document joma dite hobe?,6.0
credit card nile koto tk dite hoy bosor e?,1.0
How much do you charge for credit card?,1.0
"Platinum cards, what are the benefits?",3.0
What kind of facility do you credit card?,3.0
Credit Card interest percenteg koto,4.0
tumi amake amar bank balance  theke recharge kore dao,5.0
camon subidha paba apnader credit card nile,3.0
What things will you do to open credit cards?,6.0
amr income 40000 hole ki credit card pabo?,2.0
plz tell me how hw much interest rate Credit Card do u charge,4.0
credit card yearly costing,1.0
tumi amar bank account theke phone e taka bhore dao,5.0
ami amar phon e taka recharge korte chai,5.0
"Want to take credit card, what are the benefits?",3.0
amar beton koto hole credit card nite parbo?,2.0
rate koto Credit Card ar,4.0
credit card er interest rate ta ki jante pari,4.0
wht is th interest charge Cradit Card,4.0
I got to flexi my phone now,5.0
"If you have to take credit card from you, which paper will come?",6.0
amar phone e taka bhore dao bank balan theke,5.0
What are the benefits of your credit card?,3.0
ami cai tumi amar phone e taka fleksi kore dai,5.0
What documents will you take for taking credit card?,6.0
aponader carder rate koto,4.0
plzz tell me interest rate of ur credit card,4.0
Credit Card monthly interst koto katven,4.0
koto deya lagbe credit card er jonne ei i nfo din plz,1.0
"Get the classic card, what is the facility?",3.0
carder monthly interest kata ashe,4.0
annual charging for credit card?,1.0
ki ki shubida ase apnader card nile,3.0
help me doing top up my phone,5.0
Credit Card mashik sud koto bolun,4.0
ektu recharge kore den amar phone e,5.0
"credit card nitam, monthly interst koto",4.0
how can i chk interest charges for Credit Card,4.0
Where can I find the info regarding the charge for credit card?,1.0
Kono documents lagbe ki credit card nite?,6.0
bill per yaer for credit card?,1.0
ki ki benfit pabo apnader credit card a,3.0
"ami credit card nile, bochore kto dibo?",1.0
ami amar mobile ta recharge korte chaitesi,5.0
Is thr any need of papers for crdt card?,6.0
tell how do i know monthly credit card interest charge,4.0
want to know Credit Card monthly interest charge,4.0
how do I flexi to my phone from Islami bank account,5.0
what is your monthly interest charges for credit card,4.0
i have to know the Credit Card monthly interest charge,4.0
"amar credit card lagbe, boshore cost kemon?",1.0
wanna know interest rate of Credit Card,4.0
"need credit card, how much i hv to pay for interest",4.0
koto katbe bosore credit card er jonno?,1.0
subidha ki ki pawa jay aponader card nile,3.0
card nile what type subidha pabo,3.0
Credit Card shud koto,4.0
I want to flexiload my mobile from bank balanc,5.0
how much should someone earn to get a credit card?,2.0
amar beton thik ache kina kemne bujbo?,2.0
Income needed for credit card,2.0
what is the cost for credit card per year?,1.0
Will you have any necessary documents to take credit card?,6.0
What to do when you open a credit card?,6.0
What is the benefit of card?,3.0
"When you have to take a credit card from you, what will come to the noticeer?",6.0
I want info regarding credit card fee,1.0
apnader credit card a ki ki shubidha dan,3.0
Can you let me know what documents I need for a credit card?,6.0
year fee koto credit card er jonno?,1.0
Do you have any documents to open credit cards?,6.0
do you know monthly credit card interest charges,4.0
subida ki ki pete pari apnader card nile,3.0
annual fee information regarding credit card,1.0
apnader card er interest koto jante pari,4.0
"Cards, what are the benefits available?",3.0
please inform how much monthly credit card interest charge,4.0
what is the monthy amount needed for having a credit card?,2.0
boss card er monthly interesst charge koto,4.0
do you know monthly  Credit Card interest bill,4.0
What benefits do I get to the credit card of BRAC Bank?,3.0
plz let know what is your mnthly interest rate charge of Credit Card,4.0
"credit card nite cai, koto taka beton hote hobe?",2.0
"I want a credit card, what should be my income?",2.0
khoroch kemn ashbe crdit card er jonno bochore?,1.0
credit card nimu interest charge bol,4.0
Which paper do you take for the credit card of BRAC Bank?,6.0
benifir ki ki ase apnader credit car a,3.0
how much is the credit card bill annually ?,1.0
"Take a classic card, what is the facility?",3.0
Are there any papers to submit for a credit card?,6.0
credit card nile koto fee dite hobe year e,1.0
wht is d mnthly interest chrgge of ur Credit Card,4.0
suder har kata Credit Card e,4.0
amar beton credit card er jonno thik ase kina kibhabe janbo?,2.0
"If you want to receive your credit card, any documents will be submitted?",6.0
credit card e bochore cost koto deya lage?,1.0
"Take credit card, what is the facility?",3.0
Give me info about credit card annual cost,1.0
amar phone e top up kore den,5.0
I need help about the information about how much income is necessary for a credit card.,2.0
Am I need to submt any papers for crdt card?,6.0
amar monthly income koto dekhaite parle credit card dibe?,2.0
i want to know the monthly interest charge of Credit Card,4.0
tell me about interest rate of brac bank credit card,4.0
apnader Credit Cardinterest rate koto,4.0
"i need a credit card, how much income must I must show?",2.0
please tell me how much Credit Card interest rate do you charge,4.0
Credit Card mashik interest koto bolun,4.0
baya interest koto credit card er,4.0
bochore koto taka dile crdit card nite parbo?,1.0
"I get low wage per month, is it possible to have a credit card?",2.0
What benefits do I get from the credit card of BRAC Bank?,3.0
amar credit card er jonno ay koto hoite hoy ei info koi pabo?,2.0
what is ur interest charges on Credit Card,4.0
what is d monthly interest of your Credit Card,4.0
"Take a credit card, no paperwork?",6.0
"ami jodi credit card nite chai, tahole mash e koto kamate hobe?",2.0
Credit card nile ki kono papers lagbe?,6.0
Do you have any useful stuff to take a credit card?,6.0
Credit Card interest rate ko,4.0
What are the necsary documnts for a crdit card?,6.0
monthly koto interest deta hobe apnadar k Credit Card a,4.0
year e koto tk dile credit card nite parbo?,1.0
Apnader credit card er required documents ki ki?,6.0
i have to know Credit Card monthly interest rate,4.0
Ki ante hobe credit card near jonno?,6.0
amar mobile e bank balance theke flexi kore dao,5.0
apnaderCredit Card interest rate kata,4.0
tumi amar bank balance theke phone richarge kore dai,5.0
use my benk balanc to recharge my phon,5.0
annual cost if I get a credit card,1.0
bochore koto nea hobe credit card er jonno?,1.0
"I don't have enough income, how can I get a credit card?",2.0
What documents will you submit to open a credit card account?,6.0
What to do if you can take BRAC credit card?,6.0
Which items will you submit to open a credit card account?,6.0
"Sir, can you please richarge my phone?",5.0
How are the benefits of card nay?,3.0
r u tell me what interest rate Credit Card,4.0
"hi, can you tel lme how much do u charge Credit Card monthly interest",4.0
What to do if you want to take the credit card of BRAC?,6.0
facility ki ki pabo from credit card,3.0
credit card nimu interest koto,4.0
what should be the income for getting a credit card?,2.0
credit card nile what type benefit pabo,3.0
Anything you have to do to open a credit card?,6.0
Will you be required to take credit card for credit card?,6.0
apnader Credit Card interest ta ki jante pari,4.0
"Want to take a card, what will the benefit?",3.0
Credit Card monthly intarest rate,4.0
What documents do you need to take credit card?,6.0
"Get the signature card, what is the offer?",3.0
yearly payment for credit card per year?,1.0
Help me with recharging my phone with my current bank account,5.0
ki ki subida credit kard er,3.0
let me know about brac bank credit card monthly interest,4.0
amar income koto dekhaite parle credit card dibe?,2.0
how to chekc monthly interest charges of ur Credit Card,4.0
ami credit card banale bochore koto dite hobe?,1.0
amar proti mashe salary koto hoile credit card nite parbo?,2.0
amake ki credit card er khoroch niye janano jabe?,1.0
Credit Card interest rate jante chai,4.0
What is your annual charge for credit Cards?,1.0
What are the offers available on your Platinum Credit Card now?,3.0
shubidha ki ki ase apnader credit card er,3.0
ki ki subidha pwa jabe apnader credit card nile,3.0
What are the benefits of Gold Card?,3.0
bochor e credit card er khoroch koto ashe?,1.0
ki ki subida kard er,3.0
How do I recharge from my savings account,5.0
interest rate koto charge koren Credit Card,4.0
Hello can u recharge my ohone,5.0
Credit Card a interset koto katven,4.0
credit card er fee koto dite hobe bochore?,1.0
please let me know what is the Credit Card mnthly interesst chrg,4.0
bochore koto kore kata hoy credit card e?,1.0
koto taka deya lagbe credit card e,1.0
card nile ki fasility pabo,3.0
what amount is deducted per year for credit card?,1.0
Which documents will you take for the credit card of BRAC Bank?,6.0
plz tell what is d monthly Credit Card interest,4.0
top up has to be done,5.0
card er interest rate ganaben piliz,4.0
ami amar phone e taka recharge korte chai,5.0
credit Crad fee information needed,1.0
Credit card er jonno ki ki document lage?,6.0
What kind of documents should I collect for taking BRAC's credit card?,6.0
"I get 50000 as salary per month, can I get a credit card?",2.0
What is the offer for your platinum credit card now?,3.0
monthly salary needed for credit card,2.0
credit card er jonno koto tk lage deya bochore?,1.0
shuder rate koto Credit Card er,4.0
Do I need to submit any documents for a credit card?,6.0
credit card charge information,1.0
What are the benefits of BRAC Bank credit card?,3.0
Are there any neccessery papers to submit for a credit card?,6.0
I want to recharge my phone through my bank account,5.0
credit card chaile koto income hote hobe?,2.0
koto dite hobe credit card er jonno,1.0
charge koto deya lagbe bochore credit card nile?,1.0
"Want to take card, what are the benefits?",3.0
amar phone e flexi korte chai,5.0
Apnader Credit Card er Annual Charge Koto?,1.0
plz tell me what is your mnthly intrst charges for credit card,4.0
tell me monthly Credit Card interest charge,4.0
Credit Card a aponader shuder har kato,4.0
credit carder mashik sud koto bhai,4.0
plz tell how much interest rate do u chrg fr Credit Card,4.0
mobail ricarge kora jaibo,5.0
"Take a card, how is the offer?",3.0
could you provide additional information regarding the income needed for getting a credit card?,2.0
what is the salary range for opening a credit card,2.0
do you have Credit Card interest rate info,4.0
Do you have the necessary documents to take a credit card?,6.0
"hi, interest rate koto charge koren credit card er",4.0
"Get the signature card, what's the offer?",3.0
crdit card e cost lagbe deya koto?,1.0
Do you have any documents for the credit card of BRAC Bank?,6.0
"Want to take BRAC Bank's card, what facilities can be found?",3.0
What are the advantages of classic card nay?,3.0
ki facility pabo credit card er,3.0
credit card er annual charge kto?,1.0
whts ur mnthly intrst charges for credit card,4.0
What are the offers now on your credit card?,3.0
Whc documents you need for a crdt card?,6.0
How much money should I earn for getting a credit card?,2.0
year cost behind credit card per year?,1.0
Which thing will be taken for the credit card of BRAC Bank?,6.0
How can I recharge my mobile from my bank,5.0
card er int rate koto monthly,4.0
"my income is monthly 40000, can I get a credit card with this?",2.0
tell me current monthly int rate of Credit Card,4.0
apnara credit card interest katen koto,4.0
kamon shubidha pabo apnader card nila,3.0
"ami apnader credit card nit chai, ki documents lagbe tar jonno?",6.0
credit card annual charge ?,1.0
how much monthly interest bill plz tell fr Credit Card,4.0
Credit Card er interest rate bol,4.0
"If you want to get your credit card, will you collect any things?",6.0
Which papers you want from me for the credit card?,6.0
how much interst bill monthly come Credit Card,4.0
"If you want to take BRAC's credit card, will you submit any papers?",6.0
do you know about monthly credit card interest rate,4.0
Credit Card interest charge koto ase monthly,4.0
i need support with the info about minimal earning for credit card?,2.0
amar income jodi er cheye kom hoy taile ki amake credit card nite dibe?,2.0
sir may i now how much u charge monthly for credit card,4.0
Let me know the documents for the credit card?,6.0
Do you have any necessary documents to take a credit card?,6.0
can i know  credit card interests rate,4.0
plz tell wht is interest charge of credit card,4.0
"If you want to get your credit card, will you be able to submit something?",6.0
koto kore fee dite hobe bochore credit card er jonno?,1.0
What is the offer now on your signature credit card?,3.0
betob koto hoile credit card banate dibe?,2.0
"Want a credit card, what you need?",6.0
"I need a credit card, what do I have to have?",6.0
How is the card facilities?,3.0
Credit Card how mcuh mothly interst bill comes,4.0
benefit ki ki apnader credit card er,3.0
apni amar mobile e quickly taka bhore den,5.0
koto charge katbe credit card e,1.0
"hellow, plz tell me interest rate Credit Card",4.0
What will you need for the credit card?,6.0
please tell how much monthly do you charge for credit card,4.0
ki ki fasility pabo credit card er,3.0
what is current monthly interest charge of Credit Card,4.0
I need to recharg my phone,5.0
credit card nile what type shubidha pabo,3.0
credit card yealy maintenance fee info,1.0
How much annual fee do I have to pay for credit card?,1.0
koto taka lage bochore credit card er jonn?,1.0
card er monthly intrest kato ase,4.0
amar phone e recharge kore dao,5.0
credit card er charge joto?,1.0
Apnader credit card nite kono documents er dorkar ache ki?,6.0
tell brac bank credit card monthly interest rate,4.0
Recharge my phon through the bank balance,5.0
credit card er jonno koto kore dite hobe bochore?,1.0
amar phone e taka bhore den,5.0
Annual fee for credit card,1.0
What benefits are available on your credit card?,3.0
I need you to recharge my phone from bank balance,5.0
Credit Card interest rate plz,4.0
crdt crd intrest rate?,4.0
sir please tell about interest charges of Credit Card,4.0
What kind of stuff do you have to take from your credit card?,6.0
Credit Card interest rate ta bolun dekhi,4.0
How much is the charge for credit card per year?,1.0
upnadar cradet card ar entarast rata coto,4.0
Credit Card rate age jana vlo bolen to apnadar interest koto,4.0
credit card er barshik khoroch koto?,1.0
joldi amar phon e taka flexi kore dao,5.0
Credit Card a monthly interest kato katben,4.0
What documents you will ask when receiving a credit card?,6.0
amar credit card e bochore koto charge korbe?,1.0
Do I have to bring any papers for credit card?,6.0
"Gold card, what is the offer?",3.0
facility ki ki credit card er,3.0
Who will deposit some of your credit card accounts to open?,6.0
can i know how do u charge intersest fr Credit Card,4.0
amar phone ta flexi korte chai,5.0
please tell how can i check credit card interest rate,4.0
"credit card nitam, interest rate koto",4.0
apnader card er interest rate koto,4.0
mobile recharge korar system bolen,5.0
"hey , interest rate kto Credit Card",4.0
credit card er jonno koto beton lage mashik?,2.0
"credit card lagbe, boshore cost er info chai",1.0
"I need a credit card, what's the charge annually?",1.0
info lagbe credit card er annual fee niyte,1.0
Fee required for crdeit card,1.0
income koto hoile credit card tulte parbo?,2.0
apnder Credit Card interest rate koto,4.0
"Want to take your card, what are the benefits?",3.0
annual bill koto pore credit card e?,1.0
"credit card nibo, mashik shuder rate kato",4.0
how can i be sure if my earning is suitable for getting a credit card?,2.0
What documents will be submitted if you want to take credit card?,6.0
may i know wht is interest charge of Credit Card,4.0
Credit Card interest rate bolo,4.0
What is the facility of credit card?,3.0
Is there any needs of papers for have a card?,6.0
phone recharge kore de bank account theke,5.0
recharge korar system ki phone e,5.0
plz let know how much do you charge for credit card monthly,4.0
Tell me about charge for credit card,1.0
What would you do to open a credit card?,6.0
Which documents do you want to open a credit card?,6.0
What should I do if I open a credit card?,6.0
card interest rate janbo kivabe,4.0
what is your credit card intrst rate,4.0
please recharg my fon from my bank balance,5.0
"Would you like to get a credit card, any things to submit?",6.0
Income requirement to have a credit card,2.0
Credit Card interest charge koto dea lage,4.0
"To get a credit card, what is the monthly income range?",2.0
What are the documents you need to take credit card?,6.0
Which things will you deposit to open a credit card account?,6.0
Credit Card sud kata,4.0
apnara credit card er interest charge koren koto,4.0
facility ki ase apnader card er,3.0
Credit Card interest rate koto monthly,4.0
"Card, can you find the facility?",3.0
how do I do the recharge from my bank,5.0
apnara credit card interest charge koren kamon,4.0
credit card bananor jonno salary koto howa lage?,2.0
camon subida pabo apnder card nila,3.0
Any papers for credit card will be submitted?,6.0
credit card er jonno bochore koto kate?,1.0
What is the benefit of BRAC Bank's credit card?,3.0
hello card er interest rate koto,4.0
credit card nite chai monthly suder har koto,4.0
Credit Card how much interest rate do you charge,4.0
plz tell me how is d monthly Credit Card interest,4.0
Do you want any papers for the card?,6.0
"Want to get a card, can you find the facility?",3.0
bhai interest koto Credit Card er,4.0
aponader credit card er interest rate koto,4.0
bank balance theke recharge kore den amar phone e,5.0
amar bank belance theke mobile recharge kore dao,5.0
credit card nile amr mase interest ktoo dite hobe,4.0
tell me mnthly interest chrges plz of c card,4.0
dear sir please let me know the interest rate of credit crd,4.0
suder har jante cai Credit Card er,4.0
what is ur credit card interest rate,4.0
credit card tulte hole koto tk pawa lage per month?,2.0
please let know how can i know monthly credit card interest charge,4.0
want to know Credit Card monthly interest bill,4.0
"apnader credit card nite chai, interest rate jante chai",4.0
monthly interesst how mch do u charge on Credit Card,4.0
amar bank balance thke flexi korte chai,5.0
credit card nite chai monthly interest koto,4.0
mash e income koto hole credit card neya possible?,2.0
may i know how much Credit Card interest rate do you charge,4.0
Do you have to bring a credit card from you?,6.0
"Can you get the card, what are the facilities available?",3.0
What kind of things will I take for a credit card?,6.0
ami kibhabe mobile recharge korte pari,5.0
Credit Card month interest koto ashe,4.0
amar mobile ye recharge koira den,5.0
card er interest rate jante chai,4.0
"ami credit card nite chai, bochore koto dite hobe?",1.0
amar credit card er jonno kemon khorch porbe bochore?,1.0
amar mobile e flexi korte chai,5.0
Which paper will be taken if you want to take credit card?,6.0
"Take credit card, what are the things you need?",6.0
Give me credit card charge info,1.0
could you please tell me about monthly earning needed for credit card?,2.0
card er sud koto,4.0
What kind of things should I bring in credit card from you?,6.0
income jodi er cheye kom hoy tahole ki ami credit card nite parbo?,2.0
What documents do you want for the card?,6.0
annual koto dite hobe credit card er ?,1.0
sir kindly  let me know the Credit Card interest rate,4.0
where is the information about the earning required for  having a credit card?,2.0
I wanna recharge my phone,5.0
yearly charge koto credit card?,1.0
What documents do you open credit cards?,6.0
"What is the classic card, what are the facilities?",3.0
current monthly interest charges of Credit Card,4.0
"credit card nivo, mashik sud koto",4.0
how is d monthly interest on credit card,4.0
sir how much do u charge monthly for credit card,4.0
credit card er cost ki rokom deya lage per year?,1.0
card er mashik interest koto,4.0
"Want to get your credit card, what things to submit?",6.0
Credit Card a mase sud koto dite hobe,4.0
benifit ki pabo credit card nile,3.0
"credit card nite chai, annual fee koto?",1.0
Credit Card monthly interest kata ase,4.0
What kind of things should I bring in credit card?,6.0
I don't understand what should be the income,2.0
credit card er jonno beton related info koi pabo?,2.0
I need to flexiload 40 tk to my phone,5.0
please let me know interest charge how mcuh on Credit Card,4.0
Any credit card will be credited if you want to take credit card?,6.0
What is your offer now on Platinum Credit Card?,3.0
let me know about credit card interest rate,4.0
"hello sir, credit card er interest rate jante pari",4.0
Can you help me with the information about monthly income for getting a credit card?,2.0
What is the offer available on your Platinum Credit Card?,3.0
Salary needed if i want to open a credit card,2.0
bosore koto lage credit card e?,1.0
"If you want to take a credit card, you have to give something?",6.0
"want to take credit card, can you tell me interest rate charge",4.0
how much do you charge monthly on card,4.0
What is the salary needed for credit card?,2.0
amar mobile recharge kore dao,5.0
Credit Card interest ret koto,4.0
mashik koto income dekhate hobe credit card er jonno?,2.0
ektu blbe sorbocco koto taka recarge korte parbo ami,5.0
"i want to get a credit card, how much do i need to earn per month?",2.0
Credit Card er mnthly interest koto,4.0
ami ki ki facilities pabo from credit card?,3.0
amar credit card er cost koto asbe bochore?,1.0
ki rokom charge kata hoy credit card e?,1.0
amar mobile e top kore den,5.0
sir can you tell me what is the credit card interest charge,4.0
tell me about the required income range for getting a credit card,2.0
yearly interest koto Credit Card er,4.0
credit card er jonno ki tk dite hoy?,1.0
do u tell me monthly interest rate fr  Credit Card,4.0
credit card interest rate jante chai,4.0
how can i know monthly credit card interest charge,4.0
What benefits can I get if I take credit card of BRAC Bank?,3.0
annual charge for credit card?,1.0
What paper do you have to open a credit card?,6.0
credit er card er cost kirokom porbe yearly?,1.0
What do you have to do to get credit cards from you?,6.0
may i know how much Credit Card monthly do you charge for credit card,4.0
is to possible doing flexi from bank account,5.0
What is the advantage of signature card?,3.0
ki subidha ase apnader card nile,3.0
card er rate jante cai,4.0
Which paper will you submit to open a credit card account?,6.0
credit card interest rate piliz,4.0
what is the annual billing for credit card?,1.0
card er interest rate jante cai,4.0
benefit ki ki apnader credit card er,3.0
credit card er jonno koto taka lage?,1.0
Which documents do you want to open a credit card?,6.0
What is the offer for your Gold Credit Card now?,3.0
credit card er jonno salary koto hote hobe?,2.0
Credit Card monthly shud er har koto,4.0
"Gold card, how is the facility?",3.0
Credit Card er interset percentage koto,4.0
cost kto dte hbe credit card e?,1.0
ki re bhai kon na ka rate koto Credit Card er,4.0
wanna know Credit Card interest charge information,4.0
hello please tell monthly interest rate of Credit Card,4.0
hi shuder har koto Credit Card,4.0
apnader shuder haar kata Credit Card a,4.0
For credit card what documents you need?,6.0
pleaze tell how do i know credit card interest charge,4.0
"To open a credit card, what papers should be given?",6.0
bochore koto tk lagbe credit card er jonno?,1.0
What about the cost per year for credit card?,1.0
credit card er interest jante chai,4.0
What paper to open credit card?,6.0
Credit Card rate ta koto bolen dekhi,4.0
may i know the monthly interest charges of ur Credit Card,4.0
need some help with the minimum income requirement,2.0
"I get 45000 wages per month, can I get a credit card?",2.0
quixkly recharge from my bank balance,5.0
"Want to take credit card's credit card, what are the benefits?",3.0
can you give me info if my salary is sufficient for a credit card?,2.0
credit card nile what type facility pabo,3.0
Credit Card interest rate er ki obosta bolen to,4.0
card interest rate jana jabe,4.0
card nimu interest kto,4.0
kindly tell me what is Credit Card monthly interset charge,4.0
Kosna ka interest rate koto Credit Card,4.0
Any papers will be submitted if you want to take a credit card?,6.0
month shesh e koto thakle credit card dibe?,2.0
credit card nite chaile proti mash e koto taka income korte hobe?,2.0
I need u to flexiload my mobile,5.0
beton koto hole credit card neyar upojukto hobo?,2.0
apnader credit card er fee koto,1.0
may i know how much do you charge for credit card monthly,4.0
subida ki pabo apnader card nile,3.0
hw much interest charge on Credit Card,4.0
subida ki apnader credit card nile,3.0
credit card khoroch koto dite hoy every year?,1.0
Credit Card monthly interest jante chai,4.0
credit card er charge kmn?,1.0
tell me monthly interest charges please of credit crd,4.0
credit card neyar jonno income koto hote hobe?,2.0
"want to take new credit card, what is monthly interest",4.0
credit card nile koto taka dite hobe per year?,1.0
credit card er interest rate bol,4.0
credit card er cost kmn porbe year e,1.0
Credit card er Mashik Interest Koto kore ashe?,4.0
may i know how mcuh do u charge monthly for credit card,4.0
"If you want to receive your credit card, what will you collect?",6.0
may i know hw mch interest do you charge on Credit Card,4.0
what is the cost per year for credit card ?,1.0
"Have a card, what are the privileges?",3.0
Credit Card monthly interest koto katven,4.0
"Take a credit card, take any paper?",6.0
credit card er interest rate ta janan,4.0
may i know how to know credit card interest charge,4.0
credit card e koto khoroch lage proti bochor?,1.0
What you asking to submit if I want a credit card?,6.0
subida ki ki pabo card er,3.0
hi apnader Credit Card shuder haar koto,4.0
What documents will be submitted for taking BRAC's credit card?,6.0
do u tell how much interst in hav to give monthly fr  Credit Card,4.0
Tell me about the good enough income range which is needed for credit card,2.0
credit card yearly cost information,1.0
monthly Credit Card interest charge,4.0
yearly fee koto credit card er?,1.0
amake 40 tk mobile recharge kore den,5.0
benefit ki pabo credit card nile,3.0
apnader credit card er interest rate koto jante pari,4.0
Credit Card interest rate janaben plz,4.0
Credit Card monthly interest koto ashe,4.0
What kind of stuff should be submitted for taking credit card?,6.0
Any paperwork for credit card?,6.0
credit crad er khoroch kemon bochore?,1.0
"If you want to take the credit card of BRAC, will I submit?",6.0
subida ki ki pabo from credit card,3.0
credit card er annual khoroch kemon?,1.0
Who will be able to submit a credit card account to you?,6.0
"You want to get your credit card, what documents do you take?",6.0
apnader credit card er interest rate jante chai,4.0
"If you want to open a credit card, do you have any papers?",6.0
how do i know monthly credit card interest charge,4.0
credit card interest rate janbo kivabe,4.0
Provide some info about minimum income required for credit card,2.0
amake 40 tk phone e richarje kore de,5.0
may i know what is the Credit Card mnthly interesst chrg,4.0
crdit card er cost kto porbe?,1.0
pls let know what is interest charge of Credit Card,4.0
"Want to take a card, get the opportunity?",3.0
What will I receive in the favor of BRAC Bank's credit card?,3.0
info din credit card er maintenance fee,1.0
what about interest charges of Credit Card,4.0
Will you take the papers to open the credit card?,6.0
credit card annual billing info,1.0
"Gold card, what's the offer?",3.0
"If you have to take credit card from you, will there be any new documents?",6.0
Get me info about credit card annual bill,1.0
Credit Card interest rate janaben pls,4.0
how mch do brac charge fr credit card mnthly,4.0
annual bill koto pore credit card e?,1.0
what is yearly Credit Card interest rate,4.0
"Want to get your card, what benefits can be found?",3.0
Credit Card interest rate ta tik moto bolun,4.0
tumi aamr phone e taka flexi kore dao,5.0
Credit Card interest rate ki onnora ja nisca apnadar o same,4.0
"If you want to get your credit card, will you be able to submit any stuff?",6.0
I need to recharge my phone,5.0
interest rate charge koren koto Credit Card er,4.0
Which documents do you need for issuing a credit card?,6.0
Kon paper gula ante hobe amake apnader credit card er jonno?,6.0
service charge for credit card per year,1.0
Card nite amake shate kono documents ante hobe?,6.0
"amar credit card lagbe, bochore koto dite hobe?",1.0
carder interest rate jante cai,4.0
may i know how can i know credit card interest charge,4.0
subida ki pabo apnader caard nile,3.0
credit card nile monthly interest kata,4.0
credit card nile koto dite hobe bochore,1.0
Credit Card mashik shud koto,4.0
can i know how much do u monthly charge on Credit Card,4.0
"What are the classic cards, what are the facilities?",3.0
Ami mobile recharge korte chai,5.0
monthly interest bill how much Credit Card,4.0
ami amar phone ta recharge korte chaitesi,5.0
amar income koto hoite hobe credit card er jonno eita koi theke janbo?,2.0
tumi ki bolte parbe credit card er interest rate koto,4.0
Credit Card interest rate kto,4.0
Which documents do you want to open a credit card?,6.0
Credit Card intrst rate?,4.0
apnader creditcarder monthly interest koto,4.0
ami gante cai mubile kemne recharge korbo,5.0
I gotta flexi my cell phon now,5.0
info lagbe yearly payment er credit card er,1.0
amar income koto hole credit card dea hobe?,2.0
I want to recharge my mobile,5.0
how much will be the charge for credit card?,1.0
amar bank theke mobile recharge kore den,5.0
Amake kon papers ante hobe credit card nite hole?,6.0
please inform what is your monthly charge rate fr credit crd,4.0
recharge my phon thru bank balance,5.0
What to do if you want to take credit card?,6.0
koto deya lage credit card e annually,1.0
do u know monthly interest charge of Credit Card,4.0
Credit Card what is interest,4.0
credit card er cost koto bochore?,1.0
amar phone recharge kore den,5.0
Are you looking for a credit card?,6.0
what is ur monthly interesst rate for Credit Card,4.0
I need you to flexiload my mobail,5.0
ami amar mobile e taka recharge korte cai,5.0
ami kivabe mobile recharge korbar parbo,5.0
"apnader credit card nite chai, interest rate bolun",4.0
What documents should be submitted for a credit card?,6.0
Credit Card how mch int rate do u charge,4.0
amar bank balance e taka recharge kore dao,5.0
"Want to get a card, what are the benefits?",3.0
amake phone e recharge kore den,5.0
What are the benefits of your card?,3.0
"hi, monthly interest bolun card er",4.0
I want recharge for my phone,5.0
"Signature card, what is the facility?",3.0
what is the process for top up,5.0
interest koto charge of Credit Card,4.0
What are the offers available on your classic credit card now?,3.0
amare phone recharge korar system kon,5.0
Is my monthly income enough for a credit card?,2.0
brac bank credit card ar mantly interest kto,4.0
ami amar phone e flexiload korte chai,5.0
amar crdit card er cost koto dite hobe bochore?,1.0
where can I find the info about credit card annual billing system?,1.0
credt card nite chai intrst rate koto,4.0
card nibo subida ki,3.0
Apnader credit card nile ki shubhidha pawa jabe?,3.0
"If you want to take credit card, you have to give a papers?",6.0
Can you provide me info about service charge for credit card?,1.0
amar salary credit card er jonno ki thik ache?,2.0
why your interest rate of Credit Card high,4.0
want credit card how much monthly interest,4.0
where can I find the maintenance fee information for credit card?,1.0
Which paper I need to show for the credit cards?,6.0
how do i know credit card interest charge,4.0
credit card nite cai subidha ki,3.0
amar credit card er jonno year e koto tk dite hobe,1.0
Credit card nile apnader ar ki lagbe?,6.0
subida ki ace apnader card er,3.0
What is the offer for your signature credit card now?,3.0
What documents should I bring for credit card?,6.0
What documents will be submitted for the credit card of BRAC?,6.0
year e khoroch kemon credit card e?,1.0
what is the annual charge for credit card?,1.0
credit card interest rate kamon,4.0
What benefits do I get for your credit card?,3.0
mashik beton koto hole credit card nite parbo?,2.0
per year payment koto kora lage credit card er jonno?,1.0
Credit Card interest rate eto eto beshi kan,4.0
may i know how much is d monthly Credit Card interest charge,4.0
please let know how much do you charge monthly Credit Card,4.0
how much monthly credit card interest charge,4.0
mashe mashe koto pele credit card tola jay?,2.0
What will be taken for the credit card of BRAC Bank?,6.0
"You want to take credit card, any documents will be taken?",6.0
"amar salary kom, ami credit card nite chaile ki korbo?",2.0
Service charge needed per year for credit card,1.0
hi tell me pleae Credit Card interest rate monthly,4.0
do you tell me interest charges of Credit Card,4.0
benifit ki ki aponader credit card a,3.0
plz tell what is your monthly interest charges for credit card,4.0
credit card interest koto?,4.0
amar koto fee deya lagbe credit card nile?,1.0
how do I recharge from my current bank account,5.0
What benefits do I get for your card?,3.0
what is the monthly income range for getting a credit card?,2.0
I need to flexilod from my bank balance,5.0
What benefits do I take for your credit card?,3.0
credit card nibo masik sud kato,4.0
credit card er mashik interest charge bolun,4.0
annual bill for credit card?,1.0
khoroch koto credit card er?,1.0
sir kindly tell me how much do you charge for Credit Card interest,4.0
credit card nite hole income koto hote hobe?,2.0
i need assistance finding the information about minimum income required for getting a credit card,2.0
Credit Card monthly interest koto ase,4.0
what is th intrest chrg of Credit Card,4.0
What benefit do I get from the credit card of BRAC Bank?,3.0
amake amar phone e recharje kore den,5.0
What other requirements for a credit card?,6.0
What are the benefits available to your credit card?,3.0
I want yout to recharge my mobile,5.0
Credit Card interest charge kamon,4.0
What things will be collected if you want to take credit card?,6.0
tell my mothly interest rate Credit Card charge,4.0
bochor e koto deya lagbe credit card e ei info koi pabo?,1.0
koto tk extra dite hobe bochore crdit card er jonno?,1.0
may i know what is d monthly interest of Credit Card,4.0
What should be my monthly income for getting a credit card?,2.0
What are the facilities you offer for credit card?,3.0
You take any thing for the credit card of BRAC Bank?,6.0
how much do I have to pay per year?,1.0
accha bolen to Credit Card interest rate koto,4.0
"Take a card, what's the offer?",3.0
credit card er yearly cost koto?,1.0
may i know wht is d Credit Card mnthly interest chrgge,4.0
give some flexiload to my mobile,5.0
tell me your Credit Card interest bill rate system,4.0
What items will you take to open credit cards?,6.0
Credit Card interest rate bol,4.0
bchore koto fee porbe credit card e?,1.0
bole de koto taka mobile recharge korte parbo,5.0
tui amar mobile recharge kore de,5.0
Will you card requires any documents?,6.0
"hey , intrest rate koto Credit Card er",4.0
Will you take any papers to open credit cards?,6.0
"Would you like to take the card, can you get the opportunity?",3.0
how much income should i have per month to get a credit card?,2.0
What documents should you have to get a credit card from you?,6.0
apnader creditcarder maase interest koto,4.0
salary koto hole credit card banate parbo?,2.0
interest rate janbo kivabe Credit Card er,4.0
I want to ask about credit card annual cost,1.0
aponader shuder har kata Credit Card a,4.0
"Credit card, what is the facility?",3.0
ami jante chaitesi mobile kmne recharge korbo,5.0
"Ami credit card nibo, ki joma dite hobe?",6.0
Credit Card interest kata chrge koren,4.0
apnader credit card nile what type benefit pabo,3.0
joldi amar mobile recharge kore dao,5.0
Give me infomation about the monthly earning required for a credit card?,2.0
credit card er fee koto lage ei info koi pabo?,1.0
apnara interest rate charge koren koto Credit Card e,4.0
I wanna flexiload some money to my cell phone,5.0
Credit Card interest kato,4.0
Credit Card monthly shud er har kata,4.0
I want to recharge my phone,5.0
What documents should I bring for your credit card?,6.0
facility ki apnader credit card a,3.0
card interest charge,4.0
card interest rate plz,4.0
"If you have to take a credit card from you, no papers will come to Nayee?",6.0
bosore koto dile credit card nite parbo?,1.0
what should be my income to be eligible for getting a credit card?,2.0
"creditcard nitam, interest koto",4.0
What can be availed through my credit card?,3.0
What are the advantages of platinum card?,3.0
yearly koto dile card neya jay?,1.0
ami chaitesi mobile recharge korte,5.0
interest rate bolun Credit Card er,4.0
"My income is low, can i get a credit card?",2.0
charge koto ase ei info lagbe credit card er jonno,1.0
koto taka mashe pele credit card nite parbo?,2.0
How much should i get per month as  salary if i want a credit card?,2.0
bochore fee kemon pore credit card e?,1.0
bro could you recharje my phone,5.0
"Want to get a credit card, can you get access to the facility?",3.0
Credit Card interest rate pls,4.0
do you know about monthly interest rate  Credit Card,4.0
amar bank balance theke phone recharge kore dao,5.0
amare mobile recharge koira den,5.0
information about the credit card annual bill?,1.0
Credit Card rate?,4.0
ami to take mobile e rechage korte aprbo,5.0
"To collect the credit card of BRAC, which documents?",6.0
"I need a credit card, what is the annual bill?",1.0
share Credit Card me interest charges,4.0
apnader card er interest rate kamon,4.0
koto bill dite hoy credit card er jonno?,1.0
What documents will I collect for taking BRAC's credit card?,6.0
"card nimu, interest dimuna",4.0
card er monthly intrst rate koto,4.0
What kind of paper should I take for the credit card of BRAC?,6.0
amar bank account theke flexilod kore dao,5.0
amake ki janate parben beton koto hole credit card dey?,2.0
"What is the classic card, how is the facility?",3.0
phone recharge korar system koren,5.0
"hi, i wanna knw how much u charge for Credit Card monthly interest",4.0
income per month for credit card,2.0
how much salary should i earn if i want to be eligible to have a credit card?,2.0
interest charge kata Credit Card er,4.0
hw much interest rate do u charge fr Credit Card,4.0
facility ki ase credi card a,3.0
"I don't get a huge salary, can I have a credit card?",2.0
Can you help me with the document for the credit card?,6.0
is it possible to top up my phone from my current account,5.0
koto taka proti mashe pele credit card nite parbo?,2.0
tell me about brac bank credit card interest charge monthly,4.0
plz recharg my phone with bank account,5.0
"credit card nite chai, monthly interest rate koto",4.0
Credit Card shuder har kata,4.0
credit card nile ki ki facility pabo,3.0
"Platinum card, how is the facility?",3.0
What will I receive in favor of the credit card of BRAC Bank?,3.0
card nite chai subidha ki ki,3.0
What is the facility of your credit card?,3.0
I want you to flexilod my phone,5.0
What are the facilities that I receive from BRAC Bank's credit card?,3.0
"hi, let me know interest rate charge of Credit Card",4.0
credit card annual cost information needed,1.0
credit card nibo shubidha ki diban,3.0
card nile ki ki facility pabo,3.0
upnader cradit card er intrest koto,4.0
"If you want to take your credit card, do you want to submit a paper?",6.0
card er subidha ki ki ase,3.0
bhai credit card er monthly intrest charge kto,4.0
how do u charge interest on Credit Card,4.0
amar mobile recharge kora dorkar,5.0
credit card er kono document joma dite hobe ki?,6.0
tui amake ektu recharge kore de,5.0
i wanna know how much u charge Credit Card monthly for interest,4.0
amr income kom hoile ki credit card banate dibe?,2.0
I wanna top up,5.0
Is you credit card need any papers?,6.0
What kind of things will be taken for a credit card?,6.0
amar bank balance theke phone e flexi kore dao,5.0
I am not sure about the income needed for credit card,2.0
yearly intarest kato Credit Card,4.0
What kind of things should be submitted to take credit card?,6.0
"Want to take cards, what are the benefits?",3.0
Do I need any documents for the credit card?,6.0
can i knw how mch interest do u charge on Credit Card,4.0
tell me ur current interest rate for credit card,4.0
koto pore khoroch credit card e?,1.0
What are the benefits of the credit card of BRAC Bank?,3.0
Credit Card suder har bol,4.0
how chan i check creditt card monthly interest charge,4.0
how mcuh credit crd mnthly interest charge,4.0
credit card nite chaile koto income kora lagbe sei information lagbe,2.0
amar bank balance theke mobile recharge kore den,5.0
I don't know about the credit card cost per yaer,1.0
What documents will you take for a credit card?,6.0
koto taka deya lage credit card e bosore,1.0
amar credit card nite hole mashik beton koto howa lagbe?,2.0
yearly kmn fee lagbe credit card e?,1.0
monthly income for credit card,2.0
How much monthly income should I have to get a credit card?,2.0
"Take the card, what is the offer?",3.0
What things will be taken for a credit card?,6.0
Could u tell me the process on how I should recharge my phone from bank,5.0
credit card nibo,4.0
Anything for credit card?,6.0
may i know how chan i check creditt card monthly interest charge,4.0
Credit Card sud koto,4.0
Credit Card mnthly interest koto charge,4.0
per year koto pay kora lage credit card e?,1.0
credit card er jonno minimum income koto hote hobe?,2.0
brac bank credit card er faciltiy ki ase,3.0
hi interest rate kato Credit Carder,4.0
Credit Card interest koto,4.0
I need info about credit card charge per year,1.0
credit card neyar jonno beton suitable kina kemne janbo?,2.0
minimum income koto dekhate hobe credit card nite chaile?,2.0
credit card nite income er info cai,2.0
Credit Card intrest rate koto monthly,4.0
interest rate koto Credit Card er?,4.0
please tell card interest rate,4.0
please tell me what is the Credit Card interest rate,4.0
amar proti mash e income koto hote hobe credit card nite chaile?,2.0
benefit ki ki apnader credit card nile,3.0
amar income koto hote hobe credit card er jonne?,2.0
ki ki subidha diban,3.0
give credit card yearly bill information,1.0
pleasse tell me what is ur monthly interest charges for Credit Card,4.0
What do you have to pay if you want to take a credit card?,6.0
Which credit card will be required to take credit card?,6.0
shubidha pabo ki apnader credit card nile,3.0
"Want to take a card, what will the benefits?",3.0
amar phone e flexiload koro,5.0
Do you have to submit a credit card?,6.0
apnader card er monthly shud koto ase,4.0
what is the mnthly interesst chrg onCredit Card,4.0
What things will look like for a credit card?,6.0
credit card er jonno koto lagbe dea bochore?,1.0
credit card interest rate plz,4.0
salary koto hole card dibe?,2.0
What is your Credit Card Bill for a year?,1.0
card er interest rate gante cai,4.0
card er mnthly interest koto dea lage,4.0
koto charge ase credit card e bosore?,1.0
"What is the signature card, what are the benefits?",3.0
What benefit do I have to take the credit card of BRAC Bank?,3.0
ami sorboccho koto taka recarge korte parbo,5.0
Which thing do you want to open a credit card?,6.0
I wanna rechage my mobile through my bank balance,5.0
wanna knw Credit Card interest charge,4.0
boss tell me the Credit Card interest rate,4.0
"amar monthly income 30000, ami credit card nite parbo?",2.0
annual cost for credit card,1.0
how much bill monthly for interst of Credit Card,4.0
sir may i know how mcuh  monthly Credit Card interest charge,4.0
Will you have any necessary documents to take a credit card?,6.0
Do you take any thing for the credit card of BRAC Bank?,6.0
koto tk lagbe deya credit card e bochore?,1.0
"credit card nite chai, interest rate koto",4.0
card a monthly interest kata katven,4.0
info din credit card e koto khoroch porbe,1.0
"Take a credit card, take any papers?",6.0
card er interest koto dite hobe,4.0
"if I have a credit card, how much do I have to pay per yaer",1.0
amar mobile e flexi korte cai,5.0
kindly let me know the stepsof doing flexiload,5.0
Info about annual fee for credit card?,1.0
can you provide me some information about minimum income needed to be eligible for getting a credit card?,2.0
credit card er rate jante cai,4.0
may i know what is your monthly Credit Card charge rate,4.0
Can you provide yearly billing information for credit card?,1.0
phon recharg kore de benk balance theke,5.0
apneder card er shubidha gulo ki ki,3.0
am I flexiload possible,5.0
What to submit to the credit card of BRAC?,6.0
credit card er jonno ki rokom khorocj hoy?,1.0
please do richarge my mobil phon,5.0
do u knw abut Credit Card monthly interest bill for credit card,4.0
What documents should be submitted for credit card?,6.0
koto khroc dite hobe credit card e?,1.0
amar number e sorbocco koto teka recharj kora jaibo,5.0
"if I want a credit card, what my monthly income should be?",2.0
"If you want to take credit card, will you collect any things?",6.0
"If you have to open a credit card, what paperwork do you have to pay?",6.0
tell me please brac bank crdt crd monthly interest,4.0
what is the impact of income on getting a creit card?,2.0
credit card interest rate please,4.0
interest koto katven Credit Card a,4.0
what must anyone earn to be eligible for getting a credit card?,2.0
Credit Card monthly interest koto ase,4.0
"Want to take card, can you find facilities?",3.0
What you need to do if you want to get a credit card?,6.0
"If you want to take the credit card of BRAC, will you submit any documents?",6.0
hi apnder Credit Card intrest rate kato,4.0
credit card nile per yaer koto dea lage?,1.0
yearly cost bolen credit card er,1.0
amar credit card er khoroch koto ase?,1.0
"If you have to take a credit card, do you have to bring any papers?",6.0
impact of income range on getting a credit card,2.0
Apnader credit card nite hole koto taka income lage?,2.0
credit card er interest rate bolun,4.0
amar phone e ektu flexi kore den,5.0
"hi, Credit Card Interest rate koto",4.0
What are the offers now on your Gold Credit Card?,3.0
what is the charge per year for credit card?,1.0
Which paper will you take for credit card of BRAC Bank?,6.0
how to check interest charges of ur Credit Card,4.0
What is the offer for your classic credit card now?,3.0
please let me know what is d monthly Credit Card interest charge,4.0
"If I want to get a credit card, how much income is needed?",2.0
"Take the card, how is the facility?",3.0
"If you want to receive your credit card, what documents will you submit?",6.0
You take any useful paper to take credit card?,6.0
Brac bank credit card interest rate kato,4.0
bill koto ase bochore credit card er?,1.0
what is the good enough salary range if i want to have  a credit card?,2.0
"I need a credit card, what is my minimum income requirement?",2.0
credit card er jonno mashe koto income kora necessary,2.0
Which paper will you take from credit card?,6.0
credit card mashic interest jante chai,4.0
ki ki shubidha pabo credit card er?,3.0
BRAC credit carriage to collect any things?,6.0
wanna knw ur interests charges of Credit Card,4.0
Which paper will you take to open credit cards?,6.0
credit card er mashik interest charge koto,4.0
Credit Card shuder har kato,4.0
subida ki ki pabo frm credit card,3.0
sir card er monthly interest charge koto,4.0
What can be your Credit Card Interest Bill?,4.0
please inform how much credit card interest charge,4.0
Can I get the benefit of the credit card of BRAC Bank?,3.0
what should be income for opening a credit card?,2.0
Will I come with papers for the credit card?,6.0
annual chrages on credit card,1.0
apnader credit card er interest jante pari,4.0
amar mobile e recharge kore diben,5.0
aponader credit card er monthly rate koto,4.0
"You want to take credit card, what documents should be submitted?",6.0
amar phone ta flexilaod korte chai,5.0
kto fee dite hobe credit card er jonno?,1.0
mobile recharge korar poddhoti ki,5.0
shubidha ki ki pete pari apnader credit card nile,3.0
what is the process of recharging my cell from bank account,5.0
"If you want to open a credit card, which papers should be?",6.0
charge for credit card,1.0
credit carder interest rate jante chai,4.0
bhai credit card nite chai monthly interest koto,4.0
income koto hoite hoy credit card er jonno eita janate parben plz?,2.0
pls let know what is ur Credit Card interest charges,4.0
Credit Card er Bill Annually koto ?,1.0
ami credit card er jonno bochore koto dibo?,1.0
Does there exist any fee for credit card?,1.0
What paperwork should be taken to take credit card?,6.0
Which papers will you submit to open a credited card account?,6.0
bhai interest koto card er,4.0
provide info about the fee for credit card maintenance,1.0
bochore cost kemon lage credit card nite?,1.0
What is the credit card facility?,3.0
can i know how much interest do you charge fr Credit Card,4.0
"Credit card, what are the benefits?",3.0
What are your offer now on your classic credit card?,3.0
credit cadr er yearly cost koto info din plz,1.0
What documents will you take to open credit cards?,6.0
Payment needed per year for credit card,1.0
"i want to know credit card interest rate, kindly tell",4.0
do I have to pay any fee for credit card?,1.0
Which documents will you submit to open a credit card account?,6.0
koto taka income hole credit card neya jay?,2.0
To have a credit card what papers you need?,6.0
credit card any monthly charge?,4.0
can u flexiload,5.0
ame crdit card e ktoo fee dibo year e?,1.0
credit card er charge koto?,1.0
can i chekc interest charges of Credit Card,4.0
interest rate koto seta jana jabe credit card er?,4.0
subidha ki ki apnader credit card er,3.0
What do you need to take your credit card?,6.0
"If I want a credit card, how much is the bill annually?",1.0
joldi amar phone recharge kore dao,5.0
What about the documents for the card?,6.0
ami koto khoroch dibo credt card nile?,1.0
"Would you like to get credit card, submit a papers?",6.0
Which stuff do you want to open a credit card?,6.0
"Signature card, what are the privileges?",3.0
tumi amar bank balance theke mobile recharge kore dao,5.0
I need to top up,5.0
credit card nile what type subidha pabo,3.0
how much is deducted for credit card per year?,1.0
What kind of things will you deposit to open a credit card account?,6.0
Do I receive credit cards for BRAC Bank's credit card?,3.0
cradet crd er fee koto bosore?,1.0
Any documents need to submit for a credit card?,6.0
Show me the credit card fee info,1.0
yearly kono fee dite hoy credit card er?,1.0
Do you have any necessary documents to take a credit card?,6.0
khoroch koto porte pare bochore credit card er?,1.0
annual bill er tottho din credit card er,1.0
credit card bananor jonno beton koto hoite hoy?,2.0
"I earn 30000 per month, am I eligible for to possess a credit card",2.0
may i know wht is th interest charge of Credit Card,4.0
credit card maintenance fee shomporte jante cai,1.0
Will you be taking the necessary things to get a credit card?,6.0
amar phone e ami shorboccho koto taka recharge korte parbo bolun,5.0
Credit Card interst ret koto,4.0
may i know how mch Credit Card int rate do u charge,4.0
I need to recharge my mobile from bank balance,5.0
Required monthly salary for getting a credit card?,2.0
I want to know about credit card charge,1.0
What documents will be taken for the credit card of BRAC Bank?,6.0
Plz recharge my mobile from bank belance,5.0
"Want to take a card, get the facility?",3.0
What do I have to bring to get a credit card?,6.0
"Want to get the card, what is the offer available?",3.0
Koto taka mash e kamale ami credit card er jonno eligible hobe?,2.0
If there is no papers to open a credit card?,6.0
credit card nite chai benefit ki ki pabo,3.0
Will you take any useful stuff to take credit card?,6.0
"Platinum card, what are the advantages?",3.0
Which paper should be submitted to take credit card?,6.0
credit card nibo subidha ki ki diben,3.0
may i know what is ur credit card interest rate,4.0
"Take credit card, what documents do you need?",6.0
facility ki aponader credt card er,3.0
creder crd er cost kto bosore?,1.0
what is the required monthly income to get a credit card?,2.0
"credit card lagbe, income koto hoilei cole?",2.0
"If you want to receive a credit card, do you want to submit any documents?",6.0
apnader carder interest koto,4.0
ami monthly 25000 kamale ki credit card er jonno eligible hobo?,2.0
credit card er interest rate jante chai,4.0
Do you want any paperwork for the card?,6.0
tell me interest charzes please of ur crdit card,4.0
Credit Card interest rate jante cai,4.0
use my bank belance to recharge my phone,5.0
card er interest rate ta janan,4.0
Credit Card shuder haar janbo kivabe,4.0
How to submit a credit card to get the credit card of BRAC?,6.0
yaerly billing info for credit card,1.0
What paper to take if I take the credit card of BRAC?,6.0
apnader card er shuder har koto,4.0
Send me information about service charge for credit card,1.0
What documents to submit for credit card?,6.0
shud kato Credit Card,4.0
amar bank account theke flexi kore den,5.0
need info about credit cad annual fee,1.0
"Want to get a copy of BRAC Bank's Bank, what are the benefits?",3.0
amar mobile e recarge kore den,5.0
recharge my phone thru my bank balance,5.0
credit card neyar jonno income jotheshto kina kivabe bujhbo?,2.0
amar credit card er khoroch koto deya lgbe ?,1.0
Credit Card er interest rate jante cai,4.0
subidha ki ase apnader credit card a,3.0
amar mobile e flexiload kore dao,5.0
I want some recharge for my phone,5.0
card er monthly int kato ashe,4.0
What do you have to do if you take credit card from you?,6.0
credit card e fee koto lagbe deya?,1.0
subida ki ki apnader card er,3.0
If you have to take a credit card from you to bring something?,6.0
amar year e koto dea lagbe credit card er jonne?,1.0
Information needed for credit card cost,1.0
share Credit Card interest charges,4.0
What documents will you take for credit card?,6.0
I need to flexiload some cash in my mobile,5.0
"If you have to take a credit card from you, what will come to the noticeer?",6.0
pls tell how chan i check creditt card monthly interest charge,4.0
credit card nivo mashik shud kato,4.0
credit card khoroch er khobor koi pabo?,1.0
Which documents will you take to open credit cards?,6.0
credit card er mnthly intrst koto,4.0
credit card charge koto ase bochore?,1.0
credit card er khoroch bosore koto?,1.0
I need help about the minimum income needed for credit card,2.0
apnder shuder har koto Credit Carde,4.0
Help me flexiload my phone,5.0
"hellow , interest rate koto charge koren credit card er",4.0
what should be income per month if i want to get a credit card?,2.0
amar credit card er jonno year e koto dite hobe?,1.0
aponader shuder har koto Credit Card e,4.0
amar mobile phone e flexilod kore dao,5.0
koto cost pore per year credit card nile,1.0
may i know how mch do brac charge fr credit card mnthly,4.0
"If you have to take a credit card, do you have to bring any documents?",6.0
ki ki shubidha pawa jae apnader credidt card a,3.0
recharg my mobile immedietly with bank belance,5.0
card interest rate jante chai,4.0
recharge my fon using my bank balance,5.0
tell me the process of doing flexiload from bank,5.0
Credit Card a suder har koto janbo kivabe,4.0
shorbonimno beton koto howa lage credit card er jonno?,2.0
can i know hw mch interest do you charge for credit card,4.0
Credit Card mnthly interest koto charge kore,4.0
amar mobile recharge kore dao,5.0
beton koto hote hobe credit card nite chaile?,2.0
What benefits do I get on your card?,3.0
plz tell wht is d mnthly Credit Card interest chrgge,4.0
card mnthly interest rate,4.0
"credit card lagbe, income koto hole nite parbo?",2.0
"If you want to take a credit card, you have to pay anything?",6.0
apnader intrest rate koto credit card er,4.0
tell me interest charges plz of credit crd,4.0
Tell me about the maintenance fee for credit card,1.0
annual cost koto piore cerdit card e?,1.0
kamon subidha paoa jay apnader credit card a,3.0
credit card er fee koto porbe?,1.0
Where can i get more info about the earnings needed every month to have a credit card?,2.0
What benefit do I get to take the credit card of BRAC Bank?,3.0
charge ki rokom credit card e?,1.0
plz let know how can i know credit card monthly interest charge,4.0
What are my credit card facilities?,3.0
credit card er cost kemon bosore?,1.0
fee ki korom dite hobe credit card e year e?,1.0
Give me information about monthly income needed for getting a credit card,2.0
credit card mashik interest rate jante chai,4.0
wanna know your Credit Card interest rate charges,4.0
what is the salary ramge for getting credit card?,2.0
"To open a credit card, which papers should be?",6.0
inform monthly interest rate of  Credit Card,4.0
Is there any documents submission for the credit card?,6.0
"Take the classic card, what is the offer?",3.0
credit card cost per year,1.0
ami kom income korle ki amake credit card debe?,2.0
credit card e ki yearly tk kete rakha hoy?,1.0
Recharge my phone from my bank balance,5.0
please tell how mch do brac charge fr credit card mnthly,4.0
What documents I need for if I want a credit card?,6.0
please quickly flexiload my phone,5.0
tell me how much do you interest charge for credit card,4.0
plz inform how to knw credit crd interest charge,4.0
credit card er interest rate jana dorkar,4.0
hi apnader Credit Card interest rate koto,4.0
can i know the monthly interest charges of crdit crd,4.0
What are the advantages of your credit card?,3.0
what about monthly interest charges on Credit Card,4.0
mia bhai credit card er interest rate koto,4.0
Do you want any documents for the card?,6.0
credit card nite chai mashik interest koto,4.0
how do I flexiload,5.0
income niye info koi pabocredit card chaile,2.0
amar mobile e flexi kore dao,5.0
hello plz tell interest rate charge on Credit Card,4.0
kindly let me know Credit Card interest charge,4.0
How much is the credit card bill per year?,1.0
credit card neyar jonno minimum income koto proyojon?,2.0
barshik fee kemon credit card nile?,1.0
Credit Card interest rate ko,4.0
Will you take any necessary paper to take credit card?,6.0
What documents do you need to get your credit card?,6.0
Credit Card suder har koto bol,4.0
tell the interest rate of crdt crd,4.0
How much do I need to pay per year for credit card?,1.0
annually koto dite hobe credit card er jonno?,1.0
bochor e khoroch koto credit card e?,1.0
What are the advantages of the classic card?,3.0
"ami credit card nite cai, mashik income koto hote hobe?",2.0
Kono documents er dorkar ase ki credit card nite hole?,6.0
koto khoroc hobe credit card e?,1.0
What do you need to do if you need to get a credit card?,6.0
jante chai je mashik income koto dorkar credit card nite chaile,2.0
credit card er jonno mashe koto income kora joruri,2.0
Which paperwork will you submit to open a credit card account?,6.0
credit card er jonno bochore koto dite hoy?,1.0
"Accha, apnara Interest er bela e koto kore rate nen?",4.0
What do you have to bring with you a credit card?,6.0
what benefits apnader credit card er,3.0
"You want to take credit card, which paper will you take?",6.0
Info about credit card charge,1.0
ki ki documents joma dite hobe credit card er jonno?,6.0
kinldy tell about  Credit Card interest charge,4.0
kindly tell monthly interest bill of ur credit card,4.0
What is the offer available to your signature credit card now?,3.0
What things will be taken if you want to take credit card?,6.0
What is the card offer?,3.0
what type subida pabo apnader credit caard nile,3.0
koto fee dite hoy credit card e per year?,1.0
aponader credit card er shubdha guli ki ki,3.0
what is the interest rate of Credit Card,4.0
Do you need documents to get your credit card?,6.0
"Want to take credit card, what can be found?",3.0
credit card er interest charge kata,4.0
If you want to take a credit card you have to give something?,6.0
"hi, Credit Card monthly interest koto",4.0
credit card minimum income needed,2.0
"Want to take the card of BRAC Bank, what benefits can be found?",3.0
credit card nile proto bochor koto kata hobe?,1.0
may i know how much do you charge monthly fr card,4.0
Do I receive credit cards for BRAC Bank credit card?,3.0
credit card interest rate koto dite hobe,4.0
how much money is deducted for credit card per year?,1.0
Is there any requirement of papers for the card?,6.0
"card nimu, interest kto",4.0
Will you take any necessary paperwork to take credit card?,6.0
provide credit card annual charge info,1.0
"If you have to take a credit card, you have to bring any papers?",6.0
interest charge how mcuh for Credit Card,4.0
Service charge necessary information for credit card,1.0
Tell something about the annual bill of credit card,1.0
What photocopies will bring?,6.0
Please recharge 50 tk to my phone,5.0
crdeit card annual bill?,1.0
What is your credit card offer?,3.0
Credit Card monthly interest bill please,4.0
do you able to tell credit card interest,4.0
"Want to take your credit card, what documents should be submitted?",6.0
may i know what is ur monthly  Credit Card interesst rate,4.0
What benefits do I get from the bank's credit card?,3.0
credit card er jonno shob cheye kom koto paite hoy mashe?,2.0
What kind of stuff should I bring in credit card from you?,6.0
ami crdit card nile boxhor ekoto dea lagbe?,1.0
Can you please let me know your credit card Interest Rate?,4.0
"ami credit card nibo, kto dite hobe bosore?",1.0
Credit Card interst rate plz,4.0
"Gold card, what kind of facilitates?",3.0
do you know monthly interest charges of your Credit Card,4.0
is it possible to do flexiload from bank balance,5.0
"If you want to get a credit card, do you want to deposit any paper?",6.0
plz tell about credit card interest charges,4.0
card er interest rate jana dorkar,4.0
credit card interest rate pls,4.0
what is the fee annually for credit card,1.0
may i know what is your credit card intrst rate,4.0
How much income is necessary for a credit card?,2.0
Credit Card interest rate jante cai,4.0
ami credit card banale boxhore koto dite hobe?,1.0
credit card interest rate plz,4.0
plzz tell me interest charge of brac credit card,4.0
how can i know credit card interest charge,4.0
"i want to take a credit card, how much monthly interest",4.0
What are the advantages of credit card?,3.0
card nitam subidha ki ki,3.0
koto cost dile crdit card nite parbo?,1.0
how do I flexiload,5.0
Which documents will you submit to open a credit card?,6.0
Will you ask for any papers for a credit card?,6.0
khorch koto ashe credit card e boshore,1.0
Credit Card interest charge bol,4.0
apnara credit card a ki ki subidha dan,3.0
amar mobile e recharge kora dorkar,5.0
intrest rate Credit Card?,4.0
can i know the interest charges for Credit Cards,4.0
"i need a credit card, how much do i have to earn per month?",2.0
Do you want any papers for a credit card?,6.0
kto khoroch dite hobe credit card e?,1.0
may i know how can i check credit card interest rate,4.0
hi tell me Credit Card monthly interest rate charge,4.0
Credit Card interest rate kivabe janbo,4.0
shuder rate kato Credit Card a,4.0
Is there any charge for credit card?,1.0
amar bank balanc theke flexi kore dao,5.0
Where can I find information about the maintenance fee for credit card ?,1.0
"Get the card, what is the facility?",3.0
"Gold card, what is the facility?",3.0
tell me the steps for recharging my phone,5.0
What is the card facility?,3.0
card nibo subidha ki ki diban,3.0
"i want a credit card, how much do i have to earn per month?",2.0
ame credit card nite caile koto lagbe bochore?,1.0
"What is the classic card, what is the facility?",3.0
I want to know about the monthly income needed for credit card,2.0
may i know how to knw credit crd interest charge,4.0
aponader Credit Card interest rate kato,4.0
amake kichu taka flexi kore dao mobile e,5.0
Tell me about annual charge for credit card,1.0
I want a credit card. What is the annual bill is like?,1.0
please inform what is your credit card intrst rate,4.0
Do you have any useful things to get a credit card?,6.0
Credit Card int rate bol,4.0
immedietly recharge my phone from bank balance,5.0
What benefits do I get for the credit card of BRAC Bank?,3.0
yearly cost for credit card,1.0
apnader credit carder monthly int kto,4.0
apnader card er intrest ret kato,4.0
hellow credit card interest rate kato,4.0
apnader credit card er mnthly interest kto,4.0
credit card er annual billing info janaben please,1.0
"Credit card, do you need any papers?",6.0
Credit Card mnthly intrst rate?,4.0
credit card er jonno koto kata hobe bosor e?,1.0
amar mobile e recharge koira den,5.0
card nibo apnader shubidha ki diban,3.0
I wanna recharge from my bank account,5.0
ki benefit pabo apnader credit card nile,3.0
Please tell me Credit Card how mch int rate do u charge,4.0
Credit Card er apnader shuder har koto,4.0
Credit Card suder har bol,4.0
Credit card nite chaile ki ki dorkar hobe?,6.0
amar bank balance theke mobile recharge kore den,5.0
ami ki ki subidha pabo apnader caredit card a,3.0
amr mobail e flexiload kore den,5.0
What are the offers available now on your Platinum Credit Card?,3.0
show me information about annual cost for credit card?,1.0
"I have an income of 40000, is it possible to get a credit card?",2.0
"i take credit card, what monthly interest charge",4.0
tell me current how much credit card interest rate,4.0
credit card er fee kmn asbe year e?,1.0
I need information about annual card fee,1.0
per year koto kore dite hobe credit card er jonno?,1.0
charge credit card er?,1.0
may i know how much monthly credit card interest charge,4.0
Credit Card monthly interest rate jana dorkar,4.0
Any paper copy to take credit card?,6.0
What are the facilities I can get from BRAC Bank's credit card?,3.0
Which paper required to have a card?,6.0
Maintenance cost for credit card,1.0
"hi, i want to take credit card please tell interest charge",4.0
annual bill regarding credit card,1.0
I need to fleksiload from my bank account,5.0
credit card nite chaile koto ay kora lagbe proti mashe?,2.0
What is credit card facility?,3.0
want to knw mnthly interest charge plz of Credit Card,4.0
credit card nite chaile bochor e koto deya lagbe?,1.0
Are you in need of a credit card to get a credit card?,6.0
how much is the service charge for credit card?,1.0
mobile e recharge korte chai,5.0
koto fee dite hobe batshorik credit card er jonno?,1.0
"hi , credit card er interest rate koto",4.0
Will you take any papers to open a credit card?,6.0
may i know your interst rateCredit Card  charge system,4.0
amar phone ta flexilaod korte cai,5.0
apnader credit card a ki ki faclility ase,3.0
I need to flexilod my phone,5.0
"Gold card, what are the advantages?",3.0
info lagbe credit card annual bill er,1.0
Which things will you take to open credit cards?,6.0
Do you want to open a credit card?,6.0
wanna know Credit Card monthly interest charge info,4.0
ami recharge korar poddhoti janan amar phone e,5.0
"Get the cards, what are the privileges?",3.0
Credit Card e bochor e koto taka bill dite hoy?,1.0
Credit Card interest rate bol,4.0
Credit Card masik sud koto,4.0
credit card er jonno ki alada fee deya lage?,1.0
credit card er interset charge jante chai,4.0
Brac Bank er interest koto credit card er,4.0
"If i have a income of 30000 per month, can I possess a credit card?",2.0
What documents should I bring in credit card from you?,6.0
"amar beton 40000, amake ki credit card dibe?",2.0
Credit Card interest rate kamon,4.0
ami amar bank balance theke flexiload korte chaitesi,5.0
plz use my benk balance to recharge my phone,5.0
where can i get the information if my income is good enough for credit?,2.0
monthly income koto lage ei tottho koi pabo?,2.0
Do you have any useful paper to take credit card?,6.0
What documents do you want to open a credit card?,6.0
If I take a credit card what documents I have to submit?,6.0
I want to get a credit card. But I am not sure about the required monthly income,2.0
What are your offers on your Platinum Credit Card now?,3.0
Apnader Credit Card er bill bochor e koto ashe?,1.0
Which paper should be submitted for credit card?,6.0
interest kata charge koren Credit Card a,4.0
ami chai amar mobil e 30 tk recharge kore dao,5.0
"hi, can you tell me interest rate charge on Credit Card",4.0
What are the offers now on your signature credit card?,3.0
"To open a credit card, which papers should be paid?",6.0
Which paperwork do you want to open a credit card?,6.0
You need any documents for crdt card?,6.0
amar salary kom hole ki credit card nite parbo?,2.0
Credit Card montly intrest rate kato,4.0
How are Credit Card Facilitates?,3.0
kindly tell me hw mch monthly interest bill for Credit Card,4.0
How do I do flexiload from my bank account,5.0
Credit Card interest rate jante chai,4.0
Want to take a credit card to submit any documents?,6.0
please tell how much interest charge on Credit Card,4.0
how do I top up my phone,5.0
Minimum salary for a credit card,2.0
Plz flexiload 20 tk In my phone from my bank balance,5.0
"Want to take your credit card, what are the benefits?",3.0
wht is interest charge of Crdit Card,4.0
currently what is ur interest rate on Credit Card,4.0
may i know what is d monthly Credit Card interest charge,4.0
credit card er khoroc kto bochore?,1.0
What kind of stuff do you want to take the credit card of BRAC?,6.0
kindly tell want to know interest rate of Credit Card,4.0
"Credit card, how is the facility?",3.0
What is the procedure for recharging cell phone from bank account,5.0
card er interest rate janaben,4.0
amar mobile e fleksiload kore den,5.0
yearly cost koto credit card er janaben please,1.0
"If you want to receive a credit card, do you want to collect any stuff?",6.0
"If you have to get a credit card, do you have to bring any papers?",6.0
how much monthly do you charge for credit card,4.0
bochore koto dite hoy credit card e,1.0
amar phone taka recharge kore dao,5.0
What documents will be submitted to take the credit card of BRAC?,6.0
credit card er khoroch niye jante chai,1.0
apnader credit card a subidha ki ki ase,3.0
Please recharge my phone,5.0
bro what is the montly Credit Card interest rate,4.0
wanna know your credit chard interest charges,4.0
"i need a credit card, how much monthly interest charge",4.0
"To open a credit card, what documents should you give?",6.0
koto kore katbe barshik credit card nile?,1.0
"If you want to take the credit card of BRAC, will you submit any papers?",6.0
What documents should you have to bring a credit card from you?,6.0
credit card niyar jonno amar income thik ache kina kemne bujhbo?,2.0
pls let know what is ur credit card interest rate,4.0
share Credit Card monthly interest charge plz,4.0
Credit Card er interest percentage bolun,4.0
Kon paper dite hobe credit card er jonno?,6.0
may i know what is your credit card monthly interest rate,4.0
What is the offer now on your Gold Credit Card?,3.0
assist me to top up my phone,5.0
"If I get a credit card, how much do I need to pay per year?",1.0
card er mashik interest janbo kivabe,4.0
"credit card nibo, koto taka dite hobe bochore?",1.0
share me monthly Credit Card interest charge please,4.0
What do you have to do to open a credit card?,6.0
"if i want a credit card, how much salary should i get",2.0
khoroch er info lagbe credit card er jonno,1.0
what is interest charge for Credit Card,4.0
what is the necessary income for getting a credit card?,2.0
credit card e amar koto katbe yaer e ?,1.0
apnader credit card er suder rate koto,4.0
Kon documents gula joma dite hobe apnader credit card er jonno?,6.0
"credit card nibo, ki rokom charge ashbe bosore?",1.0
card nitam shubidha ki diban,3.0
income koto hole credit card dibe?,2.0
please tell how can i know credit card interest charge,4.0
"Get the signature card, what are the benefits?",3.0
Credit Card monthly interest rate koto bolte parbe ki,4.0
may i know how is d monthly interest Credit Card,4.0
wanna know how do you charge interest on Credit Card,4.0
facility ki pabo credit card er,3.0
List of documents for a credit card?,6.0
"If you have to open a credit card, what documents should you give?",6.0
amar koto khorch kora lagbe credit card er jnno?,1.0
Do you take any thing for a credit card?,6.0
amar phone e 50 tk recharge kore den,5.0
"ami credit card banate chai, monthly income koto hole parbo?",2.0
How do I know if my salary is enough for getting a credit card?,2.0
help me to top up my phone,5.0
aponader card a ki subidha dan,3.0
koto dite hoy yearly bill credit card e?,1.0
eligibility to have a credit card,2.0
If I want the credit card do you need any papaers?,6.0
salary koto pele credit card dey?,2.0
how much is the cost per year if I get a credit carf?,1.0
tell credit card interest ret,4.0
What papers I need to show for credit card?,6.0
how should I top up my phone,5.0
"If you have to take credit card from you, will you have to come to the papers?",6.0
income koto hole credit card dey ei info koi pabo?,2.0
amar monthly income jodi 30 hajar hoy taile ki amake credit card dibe?,2.0
am I eligible to open a credit card?,2.0
What to pay for opening a credit card?,6.0
what do my monthly wages should be for getting a credit card?,2.0
what amount do I need to pay for credit card?,1.0
What do you offer on credit card?,3.0
"If I want to open a credit card, how much money do I have to pay per year?",1.0
ami jante cacchi mobile kmne recharge korbo,5.0
credit card er jonno mashik income koto hote hoy?,2.0
Credit Card how much interest,4.0
how can i check credit card interest rate,4.0
Credit Card interest rate jana dorkar,4.0
khoroch koto credit card er bochore?,1.0
What to do if you can take credit card for BRAC credit card?,6.0
Credit Card mnthly interest koto kate,4.0
what is your monthly charge rate of Credit Card,4.0
shuder har koto card a,4.0
mobile racharge kora ki sombhob,5.0
credit card fee per year,1.0
Do you need to pay for the credit card?,6.0
credit card nile amar beton koto hote hobe?,2.0
"What is the classic card, what are the benefits?",3.0
"If you want to take a credit card, you have to give a papers?",6.0
subidha ki pabo credit card er,3.0
facility ki pabo apnader credit card nile,3.0
per year payment koto kora lage credit card er jonno?,1.0
credit card er jonno dorkari kagospotro shomporke janale bhalo hoto?,6.0
subida ki pabo apnader card er,3.0
For the credit card need any papers?,6.0
what is ur monthly interest charges fr Credit Car,4.0
Which documents are needed for a credit card?,6.0
proti mash e income koto lage janate parben?,2.0
"credit card nitam, intrest rate jana jabe",4.0
card nile amar monthly interest koto dite hobe,4.0
mobile recharge korbo kibhabe,5.0
Do you have any useful things to take a credit card?,6.0
What papers do I need to submit for a credit card?,6.0
in need information for credit card interest rate,4.0
What is the sufficient income for credit card?,2.0
"Want to take the card of BRAC Bank, what are the benefits?",3.0
dine koto bar mobile recharge korte parbo,5.0
Quickly recharge my mobile from bank balance,5.0
vai ami amar phone e recharge koy bhabe korte parbo,5.0
docs ki lagbe card nite?,6.0
Which paper are you for opening a credit card?,6.0
"What is the classic card, how are the facilities?",3.0
What paper do you want to open a credit card?,6.0
what should be my salary for a credit card?,2.0
bhai credit card nite chai monthly interest koto katen,4.0
what is the yearly bill for credit card,1.0
credit card er mashik interest jante chai,4.0
ami ki ki benefit pabo apnader credit card a,3.0
give me info about yearly cost for credit card,1.0
asca dada bolun dekhi apndar rate koto card er,4.0
help me to itop up,5.0
plz tell about credit card interest rate,4.0
What to do if you want to open a credit card?,6.0
annual fee bolen credit card er,1.0
suder har koto Credit Card ar,4.0
Does you credit card needs any papers?,6.0
do you tell me how much  Credit Card interest monthly,4.0
how to know credit card interest charge,4.0
Credit Card interest rate koto,4.0
card nibo subidha ki ki,3.0
joldi amar fone recharge kore dao,5.0
"Want a credit card, what documents have to submit?",6.0
koto income hole credit card nite parbo?,2.0
please tell how do u charge monthly interest Credit Card,4.0
how much do i need to pay for Credit Card monthly interest,4.0
recharge my mobile ASAP from bank balance,5.0
what is the lowest monthly income for credit card?,2.0
ami credit crd er joono bochore koto dibo?,1.0
What paper do you have to take a credit card from you?,6.0
Which documents do you take for the credit card of BRAC Bank?,6.0
beton koto paile credit card dibe?,2.0
"Gold card, what are the facilities?",3.0
"If you have to take a credit card, do you have to pay any money?",6.0
What documents do you need to get your credit card?,6.0
credit card a facility ki ase,3.0
Credit Card interest chrge koto,4.0
koto taka dite hoy credit card nite chaile?,1.0
"hi, Apnader Credit Card Interest Rate Koto?",4.0
minimum koto income korle credit card nite parbo?,2.0
proti mash e income koto hole credit card nite parbo?,2.0
Credit Card interest rate please,4.0
aponader credit card er mashik rate koto,4.0
apnader shuder har kato Credit Card a,4.0
Can you tell me the amount of fee for credit card?,1.0
sir kindly tel how mch monthly Credit Card interest do you charge,4.0
When you ask for documents if take you credit card?,6.0
do u have credit card monthly interest rate information,4.0
monthly koto income holei credit card dibe?,2.0
"Want to get your credit card, what are the benefits available?",3.0
Help me flexiload my phone,5.0
plz tell what is d Credit Card monthly interest,4.0
Credit Card interest charge monthly how much,4.0
card er interest rate bol,4.0
Amar kon kon document dekhate hobe credit card nite chaile?,6.0
annual billing information if I have credit card,1.0
credit card nite chai interest rate koto,4.0
What facilities are available on your credit card?,3.0
Information about required income for credit card,2.0
per month income koto hote hobe credit card nite chaile,2.0
Credit Card interset ar percentage bolun,4.0
apnader credit card nile mase interest koto,4.0
what is your credit card monthly interest rate,4.0
"If you have to take a credit card from you, will you have any documents to come?",6.0
I need to flexiload,5.0
credit card charge er tottho jante cai,1.0
may i know what is th Credit Card intrest chrg,4.0
BRAC's credit card to collect any documents?,6.0
beton koto hoile credit card banaite dibe?,2.0
Credit Card month shud er har kato,4.0
monthly intrest kato ase Credit Card,4.0
What documents should be submitted for a credit card?,6.0
annual costing for credit card?,1.0
may i know the interest charges for ur Credit Card,4.0
credit card er khoroch koto porbe ei info diyen plz,1.0
shuder har jante chai Credit Card er,4.0
"For getting a credit card, what should be my income?",2.0
If you want to take credit card for BRAC credit?,6.0
Will you take any useful things to get a credit card?,6.0
"If you want to take your credit card, any things will be submitted?",6.0
can i know your interest rate system of Credit Card,4.0
Could you plz provide me info about credit card cost?,1.0
can i know how do u charge mothly interest on Credit Card,4.0
please tell me ur Credit Card interest rate how much,4.0
currently what is you credit card interest rate on Credit Card,4.0
credit card er fee koto?,1.0
subida ki ki thake apnader credit card a,3.0
"If you have to take a credit card from you, then what will be the matter?",6.0
card nile facility ki ki pabo,3.0
"Would you like to get credit card, what documents will you be taking?",6.0
amar mobile e recharje kore den,5.0
amar phone ta flexiload korte cai,5.0
"If you want to take the credit card of BRAC, submit the papers?",6.0
Credit Card monthly sud er har koto,4.0
"bhai card nite chai, interest koto katen",4.0
kemon charge kore credit card e?,1.0
annual fee koto lagbe credit card e?,1.0
is it possible to top up my phone from my savings account,5.0
card nile wht type subida pabo,3.0
income koto lage credit card nite?,2.0
how can i know credit card monthly interest charge,4.0
what is your mnthly interest rate charge of Credit Card,4.0
"Want to get a card, is the facility available?",3.0
What do you need to take a credit card?,6.0
Credit Card monthly interest charge koto dea lage,4.0
apnader card er interest rate kata,4.0
Credit Card interest percentage bol,4.0
"If you want to take a credit card, do you have to pay any?",6.0
credit card mashik interest koto,4.0
top up have to be done,5.0
Info about credit card annual payment,1.0
"amr kache proti mashe 45 hazar tk ase, ami ki credit card banaite parbo?",2.0
"Want to get a credit card of BRAC Bank, what are the benefits available?",3.0
Credit Card e what kind of facilities ami pabo?,3.0
Apnader Credit Card Interest Rate Koto?,4.0
"Want to get your credit card, what documents should be submitted?",6.0
credit card intrest rate koto,4.0
"Want to get your card, what are the benefits available?",3.0
"credit card nibo, masik sud koto",4.0
Information about maintenance fee of credit card,1.0
apni amar phone recharge kore den,5.0
I need to richarge my phon immedietly,5.0
credit card er interst rate janaben please,4.0
yeraly koto cost asbe credit card e?,1.0
Which documents will you take to open a credit card?,6.0
aponader shuder haar koto Credit Carder,4.0
How much do I have to get per month if i want to have a credit card?,2.0
hellow interest rate jante pari Credit Card er,4.0
card interest koto charge,4.0
How does my income affect the eligibility to get a credit card?,2.0
i take credit card how much do u bill for interest,4.0
I want to recharge my phone through bank balance,5.0
apnader credit card er monthly interest rate jana dorkar,4.0
ami 50 tk fon e flexi korte chacchi,5.0
What kind of facilities can I avail from credit card?,3.0
kamon subida pabo apnader card nile,3.0
credit card nite chaile koto taka income dekhaite hobe amake?,2.0
please tell how mcuh do u charge monthly for credit card,4.0
apnader credit card er subidha guli ki ki,3.0
I gotta flexiload,5.0
monthly amount required if i want to open a credit card,2.0
aponader carder interest koto,4.0
What documents should be submitted to take credit card?,6.0
quickly do some recharge on my fon,5.0
ami kemne amar phone e recharge korte parbo,5.0
apnader card er monthly sud koto,4.0
"Take credit card, what's the offer?",3.0
is there any way to recharge my fon with my bank account,5.0
What to do when I take the credit card of BRAC?,6.0
"hi, Credit card er Mashik Interest Koto kore ashe?",4.0
Which paper do you have for credit card?,6.0
credit card er jonno kto dbo year e?,1.0
"Want to take your credit card, what stuff should be submitted?",6.0
Do you have the necessary things to take credit card?,6.0
ki rokom khoroch porbe credit card e?,1.0
What is the offer for your credit card now?,3.0
hi tell me interest rate of crdit crd,4.0
Annual payment for credit card,1.0
"If you want to receive a credit card, any things will be submitted?",6.0
What are your offers on your classic credit card now?,3.0
"Take a classic card, what are the benefits?",3.0
how to knw credit crd interest charge,4.0
bochore ki kono charge kata hoy credit card e?,1.0
credit card a mase sud koto dite hobe,4.0
how much yearly payment needed for credit card?,1.0
ami chai amar mobile e 50 tk recharge kore den,5.0
What does your credit card offer?,3.0
do u know about monthly interest charges Credit Card,4.0
"If you want to take credit card, you have to pay anything?",6.0
how much do I need to pay yearly if I get a credit card?,1.0
I have got to richaje my mobile,5.0
please tell wht is th interest charge on Credit Card,4.0
ami koto kore pele credit card nite dibe?,2.0
Will you take any papers to open credit card?,6.0
Are you a card for a card?,6.0
lowest salary koto hoa lage credit card er jonne?,2.0
What is the advantage of platinum card?,3.0
What kind of documents will you take for credit card?,6.0
credit card nite chaile monthly koto kamate hobe?,2.0
"i earn 45000 per month, is it enought for credit card?",2.0
Flexiload 20 taka to my mobile from bank balance,5.0
are you able to tell what is Credit Card interest rate,4.0
ki ki subidha pabo aponader card nile,3.0
"hi, kindly tell me interest rate of Credit Card",4.0
where is the necessary information about the required monthly salary for credit card?,2.0
credit card er jonno income ki rokom hole valo hoy?,2.0
Are you a credit card to open a credit card?,6.0
benefit ki ase apnader credit card a,3.0
tell me monthly interest bill plz of Credit Card,4.0
BRAC's credit cards will be collected for pickup?,6.0
"Get a signature card, what's the offer?",3.0
I have to recharge from my bank account,5.0
What are the documents for your credit card?,6.0
beton koto hoite hobe?,2.0
card nile interest koto asbe mase,4.0
credit card nile interest kto,4.0
Credit Card mashik interest rate koto,4.0
ki ki docs joma niben credit card nite chaile?,6.0
"Take the card, how are the benefits?",3.0
i take credit card how much monthly interest bill,4.0
hw much monthly interest do u chrge on Credit Card,4.0
credit card er ki rokom khoroch porbe?,1.0
credit kard monthly interest kato,4.0
Which documents should be submitted for a credit card?,6.0
amar phone ta recharge korte chai,5.0
"creditcard nite chai, monthly rate koto",4.0
What are the offers available on your Gold Credit Card now?,3.0
credit card er charge kemon ase?,1.0
Amake ki ki document dite hobe for a credit card?,6.0
how much is d monthly interest charge of card,4.0
What documents will be collected for the credit card of BRAC?,6.0
What documents should I bring for credit card from you?,6.0
"Credit Cards, do you want any thing?",6.0
credit card er barshik charge ki rokom?,1.0
Credit Card interest rate how much,4.0
What is your Credit Card Interest Rate?,4.0
shuder haar jante chai card er,4.0
koto tk dilte hoy ami credit card nile?,1.0
credit card er interest rate koto,4.0
"Credit card, what are the facilities?",3.0
"if i want to initiate a credit card, how much income do i have to have?",2.0
What are your Gold Credit Cards offer now?,3.0
"Want to take BRAC Bank's card, what are the benefits?",3.0
How much is charged for credit card?,1.0
I want to flexiload,5.0
joldi amar phone e taka bhore dao,5.0
how much montly intarest ret for crdt kard,4.0
What paperwork for credit card?,6.0
Show the annual fee needed for credit card,1.0
i need a credit card but I don't have info about the lowest salary required.,2.0
"What are the classic cards, what are the privileges?",3.0
What kind of stuff do you have to open a credit card?,6.0
where is the minimum income requirement information for getting a credit card?,2.0
What I need to show for a credit card?,6.0
credit card interest charge kamon,4.0
Which papers will you submit to open a credit card account?,6.0
tell me your Credit Card interest charge system,4.0
credit card er mnthly interest kato,4.0
What do I need to have a credit card?,6.0
What things will be taken for your credit card?,6.0
can I top up from my bank account,5.0
"hi, i wanna know your Credit Card interest system",4.0
What documents should be submitted for taking credit card?,6.0
info lagbe annual charge credit card er,1.0
"i want credit card, what is ur interest",4.0
"Want to get a card, what will be the offer?",3.0
Credit Card monthly shuder haar koto,4.0
"Signature card, how are the facilities?",3.0
monthly income koto dekhale credit card nite parbo?,2.0
Do you require any papers for the credit card?,6.0
What benefits do I get to take the credit card of BRAC Bank?,3.0
Credit Card interest?,4.0
"Want to take your credit card, what paper should be submitted?",6.0
subida ki pabo apnader card nila,3.0
How much do I need to earn to get a credit card?,2.0
credit card nibo subida ki,3.0
credit card er cost koto deya lageb bochore?,1.0
barshik koto dite hobe credit card er jonno?,1.0
What kind of documents I need to bring for the credit card?,6.0
"Get the card, offer what is available?",3.0
bochore fee koto credit card er kivabe janbo?,1.0
ur card interest rate how much,4.0
"Credit card, what kind of facilities?",3.0
What are the necessary documents for a credit card?,6.0
"ami 40000 kamai proti mashe , amake ki credit card dibe?",2.0
What benefit do I get for the credit card of BRAC Bank?,3.0
may i know how much Credit Card interest rate do u chrg,4.0
benefit ki apnader credit card a,3.0
can I flexiload from bank account,5.0
bhai interest rate koto credit card er,4.0
bhai card er monthly interest charge koto,4.0
apnader suder har kato Credit Carda,4.0
ami flexiload korte chacchi bank balance theke,5.0
I want you to recharge my phone,5.0
ki ki subidha diben,3.0
"Yearly, koto taka dite hoy credit card nile?",1.0
Could you tell me about the charge for credit card?,1.0
credit card charge annually?,1.0
may i know how much do u monthly charge of brac credit card,4.0
what type shubidha pawa jabe apnader card nile,3.0
interest rate kato Credit Card er?,4.0
How do I flexiload from my savings account,5.0
how much do you charge for credit card monthly,4.0
Credit Card er suder haar bolen,4.0
kindly tell me what is the interest charges of Credit Card,4.0
intrest rate jante cai Credit Card er,4.0
"Gold card, what are the benefits?",3.0
how does salary affect the permission of getting a credit card?,2.0
Do I need bring any papers for your card?,6.0
What are the credit card privileges?,3.0
How do I flexiload from my current bank account,5.0
What are the advantages of credit card of BRAC Bank?,3.0
intereast koto charg koren Credit Card a,4.0
Any things to be paid for a credit card?,6.0
"I want a card, which papers I need to bring?",6.0
What is process of doing flexiload from bank account,5.0
kindly pleaes tell me Credit Card interest rate,4.0
plz let me know how much is d monthly Credit Card interest charge,4.0
after one month how much interest you charge fr Credit Card,4.0
What do you have to bring to a credit card?,6.0
Shubidha ki ki credit card er,3.0
credit kard interest rate koto,4.0
what do my income per month must be to get a credit card?,2.0
Credit Crd interest rate jante chai,4.0
koto bill year e ashe credit card e?,1.0
charge koto dite hoy credit card er jonno?,1.0
I want u to flexiload my phone from bank balance,5.0
card nibo sud koto,4.0
How much do you charge for Credit Card Interest?,4.0
let me know abou Credit Cardt interest rate,4.0
"I am a credit card owner, I need credit card annual billing information",1.0
what is the credit card cost per year?,1.0
per year kemon khoroch lage credit card e?,1.0
pleaze tell Credit Card what is ur monthly interesst rate,4.0
apni amar mobile recharge kore den,5.0
wanna know credit card interest rate info,4.0
age bolun Credit Card rate koto,4.0
Which credit card should be submitted for credit card?,6.0
"Get a signature card, what's the problem?",3.0
"Want to take a BRAC Bank card, what are the benefits?",3.0
please tell how much Credit Card interest charge monthly,4.0
how much do you charge annually for credit card?,1.0
What are the things to be taken if you want to take credit card?,6.0
tell d monthly interest rate plz of crdt crd,4.0
What documents do you have to open a credit card?,6.0
What documents will you get for a credit card?,6.0
credit card maintenance fee koto credit card er?,1.0
yearly bill ki korom ashe credit card e?,1.0
What do you have to bring when you take credit card?,6.0
maintenance fee koto credit card er?,1.0
may i know what is your  Credit Card mnthly interest rate charge,4.0
how much monthly Credit Card interest bill comes please tell,4.0
quickly recharge from my bank balance,5.0
What documents do you want to open a credit card?,6.0
salary koto hote hobe credit card er jonno?,2.0
"Take the card, what is the facility?",3.0
amar phone e taka recharge kore den,5.0
Which things will be taken to open a credit card?,6.0
"hi, wanna know your monthly Credit Card interest system",4.0
aponader credit card er shuder rate koto,4.0
monthly interest koto Credit Card er,4.0
What documents should be submitted for taking credit card?,6.0
subidha ki pawa jay apnader credit card er,3.0
"bhai credit card nite chai, rate ktoo",4.0
Do you want to take a credit card?,6.0
What documents you need for a credit card?,6.0
What documents are needed for credit card?,6.0
Ami mobile recharge krte cai,5.0
may i knw how mch interest do u charge for card,4.0
interest rate jante chai Credit Card er,4.0
Do you have any useful stuff to get a credit card?,6.0
Credit Card monthly interest koto kore ase,4.0
What things should be credited for credit card?,6.0
What are the documents you want to open a credit card?,6.0
ami credit card nite chaile koto deya lagbe?,1.0
proti bochor koto khoroch hobe credit card e?,1.0
shuder har koto bol Credit Card er,4.0
